student_id,name,age,gender,email,phone,enrollment_year,course_batch,city,graduation_year
1,Sandra Gibson,21,Male,jonathan19@example.org,1730074033,2020,Batch-9,New Jennyshire,2026
2,Ernest Sutton,24,Male,iporter@example.net,2845167080,2019,Batch-2,North Brittany,2026
3,Gabrielle Bailey,22,Female,vbates@example.com,4391293130,2022,Batch-7,North Donald,2026
4,Peggy Martin,21,Other,yjames@example.net,2669707545,2020,Batch-9,East Kevin,2026
5,Matthew Reyes,19,Male,tonya17@example.net,4797690291,2020,Batch-1,Chambersborough,2026
6,Stephanie Miles,19,Male,dwayne03@example.com,6956107836,2019,Batch-10,Marissachester,2026
7,Michelle Bryan,18,Female,nina46@example.com,6004129365,2019,Batch-2,Silvafurt,2026
8,Andrea Thompson,19,Male,martinjordan@example.com,3490434030,2021,Batch-4,Harristown,2026
9,Joel Williams,19,Female,fmeza@example.net,8813060407,2021,Batch-4,Meredithchester,2026
10,Joseph Miller,19,Male,randerson@example.com,7941250303,2020,Batch-9,East Joshua,2026
11,Dr. Michelle White MD,18,Male,ronaldwilliams@example.net,3733084294,2020,Batch-3,Lorifurt,2026
12,Susan Murray,20,Male,samanthahill@example.org,1249794749,2019,Batch-8,Christopherfort,2026
13,Holly Williams,24,Other,dawnbaker@example.com,9001229769,2019,Batch-7,Odonnellbury,2026
14,Matthew Patton,21,Female,gomezstephanie@example.org,7298201158,2022,Batch-6,Thompsonfort,2026
15,Sandra Colon,19,Male,jasonpineda@example.com,5428435828,2021,Batch-5,Port Geraldfurt,2026
16,Kristen Holland,19,Other,tylerpatrick@example.com,0719601799,2019,Batch-5,New Natashaland,2026
17,Lydia Jones,22,Other,clarkstephanie@example.com,1145410075,2022,Batch-8,South Bridget,2026
18,Randall Hernandez,25,Male,qalexander@example.net,9998017138,2020,Batch-2,Riosland,2026
19,Donald Stone,21,Female,skline@example.org,4332636055,2021,Batch-3,Dyerberg,2026
20,Michelle Butler,22,Other,robertschmidt@example.org,8214884260,2021,Batch-10,South Cliffordmouth,2026
21,Katie Hill,18,Other,ericadkins@example.com,3643687458,2022,Batch-6,New Anita,2026
22,Derek Jacobs,19,Female,dawnthornton@example.org,9470941311,2021,Batch-5,Lake Joseph,2026
23,Brian Harmon,19,Male,wrightthomas@example.com,3097562761,2020,Batch-5,Luceroberg,2026
24,Michael Reed,18,Male,kristenweaver@example.net,9900427634,2022,Batch-7,Websterchester,2026
25,Timothy Harris,24,Male,powersdaniel@example.com,7442307401,2020,Batch-6,West Kenneth,2026
26,John Peters,20,Male,robert59@example.net,1850424513,2019,Batch-5,Thomasfurt,2026
27,Cindy Burton,24,Other,trobbins@example.org,8764162771,2022,Batch-9,South Rogerburgh,2026
28,Brett Ramos,22,Female,wturner@example.com,3858509797,2022,Batch-8,Roberthaven,2026
29,Terri Stewart,23,Male,mezapatrick@example.net,9342856874,2019,Batch-4,Brownmouth,2026
30,Stephanie Martinez,22,Other,knguyen@example.org,0733858600,2022,Batch-5,Kimberlyland,2026
31,Sandra Spencer,21,Female,karljohnson@example.com,9930863672,2020,Batch-5,North Melissa,2026
32,William Bauer,21,Female,mercadomichael@example.com,7569772712,2021,Batch-3,Lake Ianport,2026
33,Susan Johnson,24,Female,jonespaige@example.net,9215218435,2022,Batch-8,North Susan,2026
34,Sierra Stout,23,Female,richard75@example.com,7393774186,2022,Batch-8,Emilyport,2026
35,Bobby Crawford,19,Male,connor80@example.net,2005489720,2020,Batch-10,Jamiechester,2026
36,Peter Anderson,23,Other,lmorales@example.org,5160651239,2019,Batch-3,Vanessaview,2026
37,Natasha Fisher,18,Other,aryan@example.net,2078888043,2022,Batch-1,New Laura,2026
38,Miss Lori Thomas,22,Female,yvonne41@example.org,3863920910,2020,Batch-6,Jonesfurt,2026
39,Victor Newman,24,Female,stephen64@example.org,7326184711,2021,Batch-10,Baileyfort,2026
40,Sara Le,19,Male,grosscheryl@example.net,7242374513,2022,Batch-9,Lawrenceview,2026
41,Michael Black,20,Male,samuelrogers@example.com,6945191949,2021,Batch-6,West Johntown,2026
42,Elizabeth Rogers,19,Female,dallen@example.com,4266086076,2021,Batch-4,New Nathanielstad,2026
43,Gina Mack,19,Female,abender@example.org,9352361157,2019,Batch-3,Johnville,2026
44,Joseph Beck,21,Other,emorrow@example.com,7255573508,2021,Batch-10,Richardsonstad,2026
45,Dean Blair,23,Male,debracaldwell@example.net,9785371615,2020,Batch-8,Maryland,2026
46,Susan Miller,25,Other,julia71@example.net,9390577621,2020,Batch-3,North Morganview,2026
47,Tammy Powell,25,Female,sgarcia@example.com,9435445644,2020,Batch-4,Butlerborough,2026
48,Kathy Hamilton,21,Male,judy38@example.org,9515073413,2021,Batch-1,Dominguezville,2026
49,Tyler Walker,19,Male,baileyjessica@example.net,8616447304,2022,Batch-3,Knightview,2026
50,Timothy Jackson,20,Male,kgray@example.net,6692176472,2020,Batch-4,North Crystaltown,2026
51,William Thompson,19,Female,michellelynch@example.org,6535548044,2022,Batch-7,North Bailey,2026
52,Katherine Jackson,19,Female,debra79@example.net,5216824510,2022,Batch-4,South Courtney,2026
53,Edward Spencer,21,Male,deborah86@example.net,4607995246,2019,Batch-5,Martinview,2026
54,Susan Manning,23,Male,hayesjacob@example.org,1051899823,2022,Batch-6,Ashleymouth,2026
55,Jeremy Dalton,20,Male,nvincent@example.net,7266546500,2022,Batch-6,Lisafurt,2026
56,Brandon Scott,24,Other,saraprice@example.com,1122723112,2019,Batch-5,Port Ashleyland,2026
57,Megan Lee,23,Other,mitchelldavid@example.net,8131307626,2021,Batch-7,Aaronland,2026
58,Barbara Clark,18,Other,joshua37@example.net,6687099167,2020,Batch-2,Herringtown,2026
59,Timothy Ortega,22,Other,zsmith@example.com,3497608923,2019,Batch-5,Port Kevin,2026
60,Nicholas Rogers,23,Male,greenbenjamin@example.org,5548969280,2022,Batch-2,New Rebecca,2026
61,Joanna Bailey,20,Other,gmurray@example.com,2428416244,2020,Batch-2,Jacobsland,2026
62,Nicole Rodgers,20,Female,kaitlinhowell@example.com,0928088153,2019,Batch-3,East Michael,2026
63,Michele Johnson,25,Other,njackson@example.net,7610138896,2019,Batch-8,Fosterborough,2026
64,James Rivera,18,Male,fuentestimothy@example.org,8653178034,2019,Batch-5,Holmesstad,2026
65,Jennifer Carter,23,Female,vjordan@example.net,6290635541,2020,Batch-10,Shannonborough,2026
66,Judith Ramos,19,Male,sierra09@example.net,9925246846,2021,Batch-6,Payneton,2026
67,Ruth Powell,18,Female,farmerrebecca@example.com,1645058138,2021,Batch-7,West Robert,2026
68,David Hood,20,Male,steven48@example.com,9561602413,2020,Batch-3,South Sharon,2026
69,Carolyn Kelly,20,Male,allison83@example.com,4524870897,2019,Batch-2,Johnfurt,2026
70,Victor Bowman,20,Female,wendyruiz@example.net,8679720916,2020,Batch-6,New Brentberg,2026
71,Kristy Thomas,25,Other,fergusonwilliam@example.net,0478462741,2022,Batch-8,Christopherchester,2026
72,Thomas Le,18,Other,hughesmichaela@example.org,6975928962,2020,Batch-10,Carolynburgh,2026
73,Christopher Martinez,21,Other,melissaevans@example.org,6878653165,2019,Batch-8,South Danielchester,2026
74,Jennifer Alexander,18,Female,diazshaun@example.org,6124309390,2019,Batch-1,Joshuaside,2026
75,Joe Choi,24,Female,nicholas14@example.net,3745124334,2022,Batch-8,North Theresa,2026
76,James White,24,Female,slopez@example.com,3823615359,2021,Batch-9,Elizabethstad,2026
77,Brian Floyd,22,Male,vazquezdana@example.org,4417538016,2022,Batch-10,Jacobmouth,2026
78,Kevin Ingram,25,Female,qortiz@example.net,5600619895,2021,Batch-5,North Margarethaven,2026
79,Martha Phillips,24,Female,uclark@example.org,4074716888,2020,Batch-5,Lake Michael,2026
80,Mary Palmer,25,Female,bonnierandall@example.com,5847569742,2022,Batch-2,South Josehaven,2026
81,Ashley Butler,22,Female,kflores@example.org,2598583300,2022,Batch-5,East Troyport,2026
82,Kathleen Haley,18,Other,wking@example.com,0183342401,2022,Batch-6,North Wesleyfort,2026
83,Christopher Austin,20,Female,ismith@example.org,2615097117,2021,Batch-7,Hernandezland,2026
84,Bryan White,20,Female,dbailey@example.org,9273424807,2022,Batch-6,North Kimberlyborough,2026
85,Cody Lynch,23,Male,ejackson@example.com,9689955126,2022,Batch-9,New Ashleystad,2026
86,Michael Fleming,23,Other,davidwest@example.org,9638110130,2019,Batch-8,South Rebecca,2026
87,Andrew Madden,22,Female,clarkjohn@example.net,7335047650,2021,Batch-6,East Kerry,2026
88,William Evans,20,Other,javierramirez@example.com,0339161969,2020,Batch-3,North Troy,2026
89,Amanda Munoz,18,Male,michelleroberts@example.org,4009738027,2019,Batch-7,West Melanie,2026
90,Daniel Guerrero,22,Other,gbrooks@example.com,3649004334,2021,Batch-2,Sethview,2026
91,Scott Hubbard,24,Other,amyroberson@example.org,3965809074,2020,Batch-7,Lake Meghan,2026
92,David Reid,23,Male,cassie30@example.com,3852033218,2021,Batch-4,Lake Josephstad,2026
93,Gerald Goodman,21,Male,frodriguez@example.net,6672699726,2021,Batch-6,Howardmouth,2026
94,Antonio Williams,21,Other,millsashlee@example.net,3882042041,2019,Batch-6,North Kyle,2026
95,David Walker,18,Female,brandonwilliams@example.net,3139690994,2021,Batch-3,Catherinehaven,2026
96,Jeffrey Smith PhD,19,Female,melendezdamon@example.com,6946362772,2020,Batch-8,South Lacey,2026
97,Walter Moran,24,Female,simmonsdaniel@example.com,2582795130,2022,Batch-1,South Cindy,2026
98,Shawn Harris,18,Other,michaelwelch@example.net,6675897020,2021,Batch-7,Christopherville,2026
99,Audrey Jones,25,Other,michaelwatkins@example.com,3465384337,2021,Batch-10,Fieldston,2026
100,Tracy James,19,Other,heathermueller@example.com,7999096907,2022,Batch-5,Jacksontown,2026
101,Sylvia Harris,24,Other,ortizkaren@example.com,9098633836,2020,Batch-5,Scottborough,2026
102,Ariel Page,19,Other,edwin56@example.org,2085342765,2019,Batch-1,New Teresa,2026
103,Jennifer Sullivan,22,Female,yhenry@example.net,3009728215,2021,Batch-10,Hoodville,2026
104,Randy Fletcher,22,Male,gyoung@example.net,7458006574,2021,Batch-8,Kennedyborough,2026
105,Kevin Black,20,Male,monicarowe@example.com,2108444702,2021,Batch-8,Hansontown,2026
106,Samantha Mercado,21,Female,laurenwerner@example.net,9771342675,2022,Batch-3,Lake Charles,2026
107,Sarah Kennedy,25,Female,mcconnellryan@example.com,8620635510,2022,Batch-10,Grimesport,2026
108,Brandi Beck,22,Female,mary25@example.com,6847687769,2022,Batch-10,Lisafurt,2026
109,Charles Winters,23,Female,davidgregory@example.org,2960891470,2019,Batch-1,West Alicia,2026
110,Norma Oneill,18,Male,alexanderstephens@example.net,8315906269,2020,Batch-1,Port Kaitlyn,2026
111,Douglas Wilson,22,Other,ntaylor@example.net,1349059469,2020,Batch-2,Matthewberg,2026
112,Elaine Johnson,25,Male,brady29@example.org,4205545156,2020,Batch-3,New Susan,2026
113,Selena Stewart,24,Female,sharon08@example.com,4848778184,2020,Batch-3,North Christopherhaven,2026
114,Thomas Mercer,21,Female,kevin92@example.org,1216235491,2022,Batch-4,East Jennifer,2026
115,Ronald Lee,25,Female,ellisonadrienne@example.net,7453078662,2022,Batch-7,Joeshire,2026
116,Christina Lucas,24,Other,melissa07@example.org,2928554885,2019,Batch-2,Wilsonbury,2026
117,John Hoffman,21,Other,yharmon@example.net,5753777010,2020,Batch-8,Heatherborough,2026
118,Jorge Murphy,25,Other,dennisshaw@example.org,3373360789,2021,Batch-1,North Robinton,2026
119,David Hoffman,25,Male,carolknight@example.org,8510267540,2019,Batch-10,Christophermouth,2026
120,Mckenzie Allison,24,Male,sarahparks@example.com,7644448542,2021,Batch-2,Lake Justin,2026
121,Timothy Santiago,20,Other,christopher68@example.com,9505117589,2022,Batch-8,Harrisberg,2026
122,Kelly Robinson,20,Female,singletonsandra@example.org,2161460905,2021,Batch-7,Port Megan,2026
123,William Hanson,19,Male,christinehernandez@example.com,3292780540,2020,Batch-5,New Edwardborough,2026
124,Joseph Gallegos,18,Female,valvarez@example.net,6673626723,2020,Batch-10,Melissastad,2026
125,Joshua Whitehead,21,Other,michaelortega@example.net,7733683524,2021,Batch-6,North Joshuatown,2026
126,Carla Kim,18,Female,barkermelanie@example.net,4476633806,2021,Batch-8,Markshire,2026
127,Brian Small,22,Female,valvarez@example.net,9441690344,2019,Batch-5,Maryfurt,2026
128,Taylor Jones,20,Other,brose@example.net,1443328607,2022,Batch-10,Fowlerberg,2026
129,Jennifer Savage,23,Other,xgarcia@example.com,0250482988,2019,Batch-1,Rodriguezshire,2026
130,Meagan Fields,21,Male,ariasrobert@example.org,1460175912,2022,Batch-4,Moorechester,2026
131,Casey Dominguez,19,Female,jameschristopher@example.net,6574866997,2021,Batch-4,South Joseph,2026
132,Christina Hall,22,Other,paul66@example.org,4591564310,2020,Batch-2,East Savannah,2026
133,Alexis Barajas,19,Male,nathanlewis@example.net,1955403258,2021,Batch-6,South Tamaraberg,2026
134,Theresa Wagner,19,Other,danielle14@example.com,5964265346,2021,Batch-1,Jordanton,2026
135,Samantha Mccann,22,Other,alexander14@example.com,4333977748,2019,Batch-5,East Susanbury,2026
136,Christina Decker,20,Female,amber14@example.net,8593446602,2020,Batch-9,New Seanstad,2026
137,Gregory Thompson,25,Female,jamesperez@example.com,0302031471,2021,Batch-9,Wrightberg,2026
138,Juan Stewart,23,Other,robinsoncarl@example.com,8763220977,2022,Batch-1,Adkinshaven,2026
139,Pamela Wong,25,Other,gregorycynthia@example.org,1221813927,2019,Batch-9,Kevinfurt,2026
140,Jennifer Ramirez,18,Female,paul43@example.org,8409381003,2019,Batch-3,West Larryberg,2026
141,Michael King MD,20,Other,qvelasquez@example.com,8499884527,2021,Batch-1,Lake Mark,2026
142,Madison Simon,20,Female,gpratt@example.org,4525081666,2020,Batch-5,Johnstonmouth,2026
143,Misty Cooper,18,Male,peckbetty@example.org,0933584023,2021,Batch-6,North Kristenbury,2026
144,Daniel Murphy,18,Female,kristi65@example.net,8094132179,2019,Batch-4,Hernandezmouth,2026
145,Rachel White DDS,22,Male,kyle96@example.com,4817043473,2021,Batch-5,Lake Raven,2026
146,Tonya White,24,Female,alexandravelazquez@example.net,6617189450,2019,Batch-3,Adkinsmouth,2026
147,Dawn Scott,21,Male,bradley23@example.com,5555365096,2021,Batch-4,Smithfort,2026
148,Adam Weaver,19,Other,jessicawarner@example.org,5079380473,2021,Batch-4,Port Elizabethchester,2026
149,William Day,19,Other,samuel75@example.net,2394638512,2022,Batch-7,Kaylafurt,2026
150,Adrienne Taylor,21,Other,mwerner@example.net,3995273321,2022,Batch-7,Gonzalezton,2026
151,Barbara Harper,20,Other,pwilson@example.org,8723955799,2021,Batch-1,Tammyberg,2026
152,Ms. Melissa Murray,20,Female,pgonzalez@example.net,2057671856,2019,Batch-1,Torresberg,2026
153,Ethan Stuart,19,Other,tamarasanchez@example.com,3645287158,2022,Batch-7,South Jamesstad,2026
154,Victoria Randolph,23,Male,luis44@example.org,8823244594,2022,Batch-8,Andrewhaven,2026
155,John Ramos,20,Male,francoalyssa@example.net,4563911131,2019,Batch-8,South Rhonda,2026
156,Kimberly Wall,25,Female,dillon11@example.net,5238880846,2019,Batch-7,Ramirezmouth,2026
157,Michael Pearson,24,Other,michaelking@example.com,2254138498,2022,Batch-10,South Tracishire,2026
158,Travis Davis,24,Other,drew50@example.com,2243663438,2021,Batch-4,Johnmouth,2026
159,Brenda Morris,24,Male,award@example.org,9922790628,2022,Batch-7,Danielstown,2026
160,Jennifer Coleman,23,Male,lauratucker@example.com,0551568682,2020,Batch-5,Whiteville,2026
161,Ian Arnold,18,Male,dhorn@example.org,8765748257,2022,Batch-9,South Ericatown,2026
162,Michael Brown,18,Female,joe70@example.net,1849749686,2021,Batch-8,Port Latasha,2026
163,Margaret Wilson,23,Other,franciscojohnston@example.org,1686075418,2020,Batch-4,Avilaview,2026
164,Kimberly Moore,24,Other,tpacheco@example.net,9455566099,2020,Batch-9,South Dustin,2026
165,Ashley Walter,24,Male,joseph50@example.net,9366983798,2022,Batch-5,South Daniel,2026
166,Bonnie Hernandez,25,Female,mcdonaldbobby@example.org,5724307767,2020,Batch-8,West Sarahbury,2026
167,Scott Potts,22,Male,brittanynavarro@example.net,8730669991,2020,Batch-9,Debraton,2026
168,Steve Shields,20,Male,wilsonnathan@example.com,2070716535,2019,Batch-6,Paynehaven,2026
169,Daniel George,22,Other,jessepreston@example.org,5198186511,2020,Batch-2,West Adam,2026
170,Mrs. Elizabeth Richardson,22,Female,bwhite@example.com,8662264615,2022,Batch-1,North David,2026
171,Christina Kirk,23,Female,randywalker@example.com,1851027463,2019,Batch-4,New Joshuaview,2026
172,Kathleen Short,18,Male,joshua73@example.net,3942360988,2019,Batch-5,New Heather,2026
173,Dr. Emma Garcia MD,23,Other,carlos08@example.net,0721506682,2022,Batch-5,Gonzalestown,2026
174,Jessica Taylor,21,Female,christopher20@example.net,7167206602,2019,Batch-7,West Rodney,2026
175,Lisa Williams,20,Female,elizabeth86@example.com,7093833052,2019,Batch-4,Markmouth,2026
176,Danielle Quinn,23,Male,cwalker@example.com,6380362534,2022,Batch-10,Woodardchester,2026
177,Alyssa Watkins,18,Male,oguzman@example.org,5816965640,2021,Batch-9,Port Ashley,2026
178,Amy Gutierrez,24,Female,calhounkathleen@example.net,9777744981,2020,Batch-8,Erikafort,2026
179,Maria Young,20,Other,norrisdouglas@example.net,1697721938,2019,Batch-3,Amyburgh,2026
180,Joseph Hunt,18,Male,gwilliams@example.org,8494716854,2020,Batch-8,South Edwinhaven,2026
181,Abigail Brown,20,Female,hudsonchristine@example.org,0298188406,2020,Batch-8,Katherinemouth,2026
182,Bryan Dixon,21,Male,brittany74@example.net,9662680857,2020,Batch-5,New Alyssa,2026
183,John Jones,18,Male,williamsbrandon@example.com,1801885615,2020,Batch-1,Jeremyport,2026
184,Emily Wilson,25,Other,brian76@example.net,6215289766,2022,Batch-1,North Rebecca,2026
185,William Bullock,19,Female,aanderson@example.net,4565222033,2021,Batch-3,Moralesburgh,2026
186,David Duke,21,Male,mcleandenise@example.com,8015247242,2020,Batch-2,Laurenshire,2026
187,Krystal Perez,22,Other,hhall@example.org,7487583148,2021,Batch-9,South Kimberlyview,2026
188,Lori Riley,19,Female,melissa73@example.org,2428399150,2019,Batch-4,Toddport,2026
189,Christopher Bailey,23,Male,harveydawn@example.org,5125055041,2020,Batch-10,West Patriciafort,2026
190,Aaron Knight,20,Male,olsonjennifer@example.net,5383887885,2019,Batch-3,Jonesland,2026
191,Jeffrey Sutton,23,Other,nschultz@example.com,6509043923,2019,Batch-6,East Sara,2026
192,Victor Garcia,19,Other,allen51@example.net,1196569332,2022,Batch-2,Port Michaelmouth,2026
193,Audrey Ball,20,Female,sandra73@example.net,4986403142,2022,Batch-1,Osborneside,2026
194,Lisa West,18,Female,susan33@example.net,2782983975,2019,Batch-3,New Marychester,2026
195,Deborah White,24,Other,joseph10@example.org,8874007729,2020,Batch-9,North Ronnie,2026
196,April Hammond,20,Female,qdiaz@example.com,9518656644,2022,Batch-9,Hobbsfurt,2026
197,Chelsey Taylor,24,Other,jamesjohnson@example.com,7936749167,2021,Batch-3,New Patriciabury,2026
198,Michelle Wheeler,20,Other,jessicachen@example.com,7376996356,2020,Batch-6,Kaitlynberg,2026
199,Sarah Davis,21,Other,paulherring@example.com,4859481561,2021,Batch-1,Morrowmouth,2026
200,Katherine Wallace,22,Female,morgankevin@example.com,7502213743,2021,Batch-1,South Brandonstad,2026
201,Dustin Mcclain,22,Other,christinaperez@example.com,1445640269,2021,Batch-4,South Christinamouth,2026
202,April Calderon,22,Female,laura29@example.org,2396795794,2021,Batch-10,Weberton,2026
203,Stephanie Mcconnell,25,Male,jenniferwarren@example.org,5655845191,2021,Batch-5,Johnmouth,2026
204,Marilyn Cooper,25,Male,hbryan@example.net,7092620378,2019,Batch-1,Port Susan,2026
205,Christine Leblanc,22,Other,kristinasmith@example.com,7842691081,2020,Batch-3,East Derekfort,2026
206,Mr. Daniel Lamb,18,Male,ftaylor@example.net,5893152266,2020,Batch-8,North James,2026
207,Eric Duke,24,Male,ruth86@example.com,1354990828,2021,Batch-1,Lake Sandra,2026
208,Crystal Johnson,20,Female,aallen@example.com,5281487386,2021,Batch-1,North Olivia,2026
209,Micheal Burns,22,Female,rubenhayes@example.net,5412341648,2022,Batch-6,Wilsonview,2026
210,Stephen Brooks,21,Female,diana46@example.net,0607476757,2022,Batch-9,Port Lisa,2026
211,Jennifer Williams,23,Male,kimberlyvazquez@example.org,3640558822,2020,Batch-3,West Rachel,2026
212,Cathy Hunter,18,Female,jennifer93@example.net,3485431662,2021,Batch-3,Vanceview,2026
213,Lisa Crawford,24,Other,juanarroyo@example.org,8803907323,2022,Batch-9,Smithside,2026
214,Lisa Small,25,Female,vbarnes@example.net,1638806985,2022,Batch-8,West Lonnie,2026
215,Tom Simmons,19,Other,johnruiz@example.net,4959738041,2021,Batch-9,Danielport,2026
216,Noah Griffin,24,Other,ellen64@example.net,7045597370,2020,Batch-9,Port Keithstad,2026
217,Christian Kent,25,Male,kellergordon@example.org,4087741469,2020,Batch-1,Stacyborough,2026
218,Andre Collins,22,Other,troyfranco@example.com,7260219141,2021,Batch-8,South Valerie,2026
219,Rachel Rodriguez,20,Male,melinda91@example.net,8474524590,2020,Batch-4,Kaitlynport,2026
220,Michael Kirby,18,Female,jsims@example.org,3166346423,2019,Batch-8,Sandraville,2026
221,Charles Edwards,18,Other,chris99@example.net,9895002285,2022,Batch-7,Port Mallory,2026
222,Kelly Weeks,22,Male,perryshawn@example.org,5660434058,2019,Batch-10,New Peterhaven,2026
223,Jesse Johnson,24,Female,lawrencemiguel@example.com,6604100162,2021,Batch-9,New Justin,2026
224,Robert Bradley,23,Female,montesjoseph@example.com,6278229797,2019,Batch-1,East Ginamouth,2026
225,Erica Hancock,24,Male,jacobreed@example.com,7405166852,2019,Batch-9,South Paul,2026
226,Debra Harris,25,Other,mneal@example.com,8587140052,2020,Batch-10,Port Matthew,2026
227,Jessica Bell,22,Male,zhart@example.net,9185593367,2021,Batch-4,Lake Vincent,2026
228,Melissa Sanford,22,Male,riddletonya@example.org,7651326877,2019,Batch-4,Matthewshire,2026
229,Connor Donaldson,23,Female,owilliams@example.com,6345151470,2019,Batch-10,Paultown,2026
230,Jennifer Nelson,20,Female,tamararamirez@example.net,1711073959,2019,Batch-7,New Toni,2026
231,Joe Hancock,19,Male,ijohnson@example.com,3775575941,2021,Batch-8,East Adam,2026
232,Kayla Bryant,25,Male,levi90@example.com,0375236959,2020,Batch-5,East Eddie,2026
233,Gregory Larsen,21,Other,vwarner@example.net,9763759758,2021,Batch-10,West Sherry,2026
234,Michael Powell,23,Other,peter53@example.com,2236565033,2019,Batch-3,North Derekfort,2026
235,Penny Freeman,22,Other,mcurtis@example.org,1637428419,2020,Batch-4,South Richard,2026
236,Omar Ryan,25,Other,evan35@example.com,6263417369,2019,Batch-1,East Renee,2026
237,John Miller,21,Male,greenbrittany@example.com,6567031229,2019,Batch-4,New Lesliestad,2026
238,Paul Nguyen,22,Male,hojuan@example.net,4791296085,2020,Batch-3,Parkerland,2026
239,Ryan Robinson,22,Female,reidtravis@example.net,3626872250,2019,Batch-6,East Brentton,2026
240,Brittany Bell,20,Female,dan85@example.com,8253163931,2022,Batch-6,North Vanessa,2026
241,Mrs. Savannah Floyd DDS,22,Female,eingram@example.net,3056066991,2021,Batch-2,Jeffview,2026
242,Kim Perry,22,Male,rosejoshua@example.org,3354635280,2021,Batch-10,Port Dianeshire,2026
243,Debra Bell,22,Other,thomasshah@example.org,4256688030,2021,Batch-1,Petershire,2026
244,Michael Winters,19,Other,paul23@example.com,5401555224,2019,Batch-5,South Allenshire,2026
245,Amanda Elliott,20,Male,jennifernguyen@example.com,6579388594,2022,Batch-7,South Johnmouth,2026
246,Julie Sloan,25,Male,jenniferfields@example.net,5966040028,2022,Batch-4,Port Shannon,2026
247,John Walter,24,Female,jake17@example.org,3791463975,2019,Batch-3,North Garystad,2026
248,Joshua Molina,21,Male,robert53@example.com,6664138750,2019,Batch-5,East Kimberlyland,2026
249,James Johnson,25,Other,heatherhudson@example.com,3587558509,2019,Batch-7,East Colleen,2026
250,Carlos Edwards,20,Female,fullermeghan@example.com,2506884111,2019,Batch-2,New Angelaside,2026
251,Kari Martin,22,Other,maria87@example.com,2073275516,2022,Batch-9,Lake Alice,2026
252,Alexander Francis MD,24,Female,shane96@example.com,3994214115,2021,Batch-10,Williamschester,2026
253,Kevin Manning,19,Female,ryan97@example.net,4597231392,2019,Batch-9,Lake James,2026
254,Hannah Bailey,25,Other,houstondeborah@example.net,4073788169,2019,Batch-9,Whitneyberg,2026
255,Jenny Anderson,20,Female,monteskyle@example.org,8805318635,2020,Batch-8,Andrewsstad,2026
256,Alexandra Norton,20,Other,gfoster@example.org,2583910619,2020,Batch-8,Campbellhaven,2026
257,Tracy Martin,23,Male,emayer@example.org,6040011466,2022,Batch-9,Simmonsmouth,2026
258,Stephanie Mitchell,18,Male,troy12@example.com,0612773674,2022,Batch-6,Port Amanda,2026
259,John Green,22,Male,michaelbennett@example.com,8415546403,2022,Batch-1,Claytonfurt,2026
260,Anne Rodriguez MD,25,Male,jenniferhall@example.org,9097372815,2019,Batch-6,South Jillville,2026
261,Phillip Walker,19,Female,davissophia@example.com,0032135587,2020,Batch-8,Holmeston,2026
262,Roger Hayes,22,Female,meganduarte@example.org,5961240870,2019,Batch-8,Lake Richard,2026
263,William Hogan,25,Other,amanda29@example.net,5710634836,2020,Batch-7,Jenkinsshire,2026
264,Dr. Christopher Davenport,18,Other,tanya46@example.com,2403651213,2022,Batch-4,North Abigail,2026
265,Penny Fowler,24,Female,jennifer31@example.org,8214903955,2022,Batch-8,Kurtberg,2026
266,Keith Stewart,21,Other,cameronsmith@example.com,9475437556,2019,Batch-8,Ryanshire,2026
267,Tammy Sanchez,25,Female,jenniferjackson@example.com,9985750729,2022,Batch-6,Melissaburgh,2026
268,John Cooper,20,Other,brooksjeanette@example.com,0079412391,2021,Batch-5,Tylerchester,2026
269,Justin Turner,23,Male,youngadam@example.com,7904882832,2019,Batch-1,South Travis,2026
270,Pamela Downs,24,Other,hopkinseric@example.org,3615308415,2019,Batch-1,New Gregoryland,2026
271,Frank Dodson,19,Male,humphreyrebecca@example.com,9510912123,2021,Batch-8,Port Christopherview,2026
272,Sherri Peterson,22,Other,uanderson@example.org,9511145876,2022,Batch-1,Wrighttown,2026
273,David Lewis II,21,Male,lsanchez@example.org,5111570234,2022,Batch-5,Timothyview,2026
274,Gary Bailey,22,Male,john42@example.com,7849160223,2020,Batch-8,Lake Patriciafurt,2026
275,Jason Sanchez,23,Other,ashleyreid@example.com,3287617312,2019,Batch-4,Donnaport,2026
276,Tina Reed,20,Male,michellepearson@example.org,9584879111,2021,Batch-7,Danaside,2026
277,Cheryl Flores,25,Male,courtneylee@example.net,2050191159,2022,Batch-6,Davisport,2026
278,Jacob Ruiz,19,Female,matthewdavis@example.org,1329353659,2019,Batch-4,Carpenterport,2026
279,Edward Harris,24,Female,brittanywood@example.net,9128530293,2021,Batch-10,Petersenport,2026
280,Sandra Dickerson,20,Female,pcastro@example.org,0461122675,2021,Batch-8,Hallville,2026
281,Ronald Jacobson,25,Male,barbaradyer@example.net,5993529266,2019,Batch-9,Stoneville,2026
282,Ryan Reid,22,Other,john79@example.net,0406737201,2021,Batch-3,Batesport,2026
283,Michele Paul,21,Other,khorton@example.net,6956262117,2020,Batch-7,Angelton,2026
284,Erica Cox,19,Male,amandafisher@example.net,9228526424,2020,Batch-6,Port Kristie,2026
285,Mark Moon,25,Other,scampbell@example.org,0993836529,2020,Batch-2,Leslieport,2026
286,Jeffrey Harrison,23,Female,llong@example.com,2518272341,2019,Batch-3,West Amberberg,2026
287,Ryan Horne,20,Female,jacquelineburns@example.com,4367173065,2021,Batch-8,Lake Anthony,2026
288,Victor Kirk,19,Female,michaelthomas@example.net,0294776398,2022,Batch-7,East Tomview,2026
289,Jeffery Cantu,19,Other,rnichols@example.net,9528980865,2022,Batch-1,North Tammyburgh,2026
290,April Anderson,20,Other,onichols@example.org,5061070440,2021,Batch-1,Hallshire,2026
291,Nicole Chapman,21,Female,steven00@example.com,9898143057,2019,Batch-2,East Joshua,2026
292,Alice Benjamin,22,Male,ashley82@example.org,4181715004,2020,Batch-1,Jimmyhaven,2026
293,Alan Alvarado,20,Female,qbernard@example.com,8150912664,2019,Batch-5,East Jeremy,2026
294,Jennifer Hawkins,22,Female,amy81@example.org,3246383067,2020,Batch-9,Lake Emilyberg,2026
295,Maria Foster,23,Other,dvasquez@example.org,2422394713,2020,Batch-6,Tranview,2026
296,Michael Mcdonald,23,Female,ryanangelica@example.com,0495244521,2019,Batch-7,Rebeccafurt,2026
297,John Smith,18,Male,ihodge@example.net,1357784627,2020,Batch-1,Harringtonland,2026
298,Brian Espinoza,25,Other,brodriguez@example.com,4088116534,2020,Batch-1,Lindamouth,2026
299,Peter Meyers,24,Female,lauracummings@example.net,9798116533,2019,Batch-10,East Kristinaland,2026
300,George Walsh,22,Female,ischmidt@example.net,0970087581,2022,Batch-4,South Emilychester,2026
301,James Mathews,23,Male,amandakelly@example.org,5155092494,2021,Batch-6,Alexanderland,2026
302,Jose Hill,23,Female,samantha98@example.net,7889219150,2019,Batch-1,North Alexis,2026
303,James Walker,18,Female,williamstewart@example.com,2831870985,2020,Batch-4,West Patriciaview,2026
304,Amanda Ramirez,22,Other,deborahwalls@example.org,4105933502,2019,Batch-6,Barbarafurt,2026
305,Jason Gibbs,24,Female,bucktiffany@example.net,3170478002,2022,Batch-2,Rickeyshire,2026
306,David Campbell,22,Male,garciahailey@example.com,0751455949,2019,Batch-5,Thomasfort,2026
307,Samantha Moses,19,Other,jamesblack@example.org,2088244852,2019,Batch-7,Meganfort,2026
308,Jillian Chaney,19,Female,lgreene@example.net,1349996000,2022,Batch-8,Maureenborough,2026
309,Patricia Davis,20,Male,kevinprince@example.com,6795277360,2020,Batch-6,Andrewmouth,2026
310,Joshua Burch,22,Other,spencervickie@example.net,3147345631,2019,Batch-1,Michaelfurt,2026
311,Christina Ruiz,25,Female,robinsonbrian@example.org,4557158768,2019,Batch-3,West Dannyport,2026
312,Jennifer Wagner,19,Male,zacharygarcia@example.com,8277408097,2021,Batch-3,New Codytown,2026
313,Randy Garrett,24,Other,hallanne@example.org,4523774354,2019,Batch-7,Johnsonhaven,2026
314,Stacy Clarke,24,Female,jonestamara@example.org,4274658516,2021,Batch-2,Michaelport,2026
315,Natalie Morrow,21,Other,michael39@example.com,5197319822,2019,Batch-2,Jacobview,2026
316,Lisa Baker,20,Female,nmclaughlin@example.org,5895870329,2019,Batch-1,North Larrystad,2026
317,Jeffery Hunt,21,Male,gonzalesbriana@example.org,1171298438,2022,Batch-8,Lake Elizabethview,2026
318,Victoria Harris,21,Other,anthony92@example.org,1295730215,2022,Batch-3,South Douglas,2026
319,Dana Crawford,23,Female,erin35@example.org,6520604239,2019,Batch-4,New Lisatown,2026
320,Jennifer Phillips,18,Other,sandra37@example.com,9131458949,2019,Batch-4,Liburgh,2026
321,Courtney Hughes,19,Other,rosecynthia@example.com,2847619696,2019,Batch-6,Brianport,2026
322,Isaac Atkins,25,Other,edwardsmark@example.org,7277518591,2020,Batch-3,North Richardshire,2026
323,Douglas Wilkinson,21,Other,kenneth12@example.com,6403323882,2022,Batch-6,Williamton,2026
324,Christopher Ashley,24,Other,paul78@example.com,3592557912,2021,Batch-9,West Andrea,2026
325,Lindsey Smith,25,Female,janet77@example.net,0689122041,2019,Batch-6,West Alec,2026
326,Megan Smith,20,Female,danielle18@example.net,5674829902,2021,Batch-9,New Ashleyborough,2026
327,Norma Ayala,19,Other,timothy61@example.com,1773891359,2022,Batch-8,Jeremytown,2026
328,Mrs. Melissa Ballard,25,Male,butlerrebecca@example.org,6747093471,2022,Batch-5,West Zoe,2026
329,Jennifer Singh,18,Other,gfigueroa@example.com,3722489986,2019,Batch-2,Huntshire,2026
330,Lisa Hancock,25,Other,snowphyllis@example.org,0393638829,2021,Batch-3,Juanshire,2026
331,Natasha Dyer,21,Male,jonesanna@example.net,4691799520,2022,Batch-1,South Michaelmouth,2026
332,Lindsey Townsend,19,Male,james51@example.com,4231151176,2021,Batch-5,Reesefort,2026
333,Jennifer Mann,23,Female,cardenaslinda@example.net,1749756893,2020,Batch-6,East Danielfurt,2026
334,James Campbell,19,Other,bowerscharlene@example.org,1312705819,2020,Batch-8,Lake Brianborough,2026
335,Brandon Diaz,21,Female,rodney26@example.org,1750094785,2020,Batch-6,South April,2026
336,Anthony Bailey,25,Other,nicole80@example.org,5730259189,2021,Batch-8,South Christine,2026
337,Paul Ross,18,Other,lisa52@example.com,4700932691,2022,Batch-2,Port Beverly,2026
338,Robert Perez,23,Female,xjones@example.net,9333762493,2022,Batch-2,Anafort,2026
339,Joseph Collins,24,Male,hyoung@example.com,7665222854,2022,Batch-1,Lake Kathyborough,2026
340,Traci Evans,22,Female,johnsonrichard@example.com,4220136551,2021,Batch-2,South Oliviahaven,2026
341,Anna Gregory,19,Male,kevin25@example.net,8205406121,2021,Batch-2,Pottsborough,2026
342,Jill Gutierrez,19,Other,zestes@example.org,9772547565,2021,Batch-6,East Anthonyland,2026
343,Benjamin Gonzalez,25,Female,callen@example.net,8660757402,2019,Batch-8,New Taylorside,2026
344,Amber Wilson,20,Other,gmoore@example.org,0817026271,2021,Batch-8,North Karlaport,2026
345,Chelsea Kaiser,21,Other,goodmanmakayla@example.net,5992318161,2022,Batch-9,East Joe,2026
346,Melissa Ramos,20,Male,jacobharris@example.com,8096583949,2022,Batch-6,Kathrynburgh,2026
347,Richard Baker,25,Other,aprilross@example.org,7352838599,2020,Batch-6,West Sara,2026
348,Dr. Debbie Ramirez,22,Female,jreynolds@example.org,9903578112,2020,Batch-3,Dixonburgh,2026
349,Monica Love,21,Female,shieldsroger@example.net,9304986202,2021,Batch-5,South Jasonberg,2026
350,Michael Miller MD,21,Other,weeksrachel@example.net,1186833322,2020,Batch-2,Christopherfort,2026
351,Susan Johnston,18,Male,jeremy03@example.org,7798573638,2019,Batch-9,South Daniel,2026
352,Terrance Harris,18,Other,denisebush@example.com,1370667753,2020,Batch-8,Port Ryan,2026
353,Ashley Aguilar,23,Male,mortonashley@example.net,5212429908,2020,Batch-10,West Brianfurt,2026
354,Stephanie Parks,22,Other,christineburke@example.com,3563374100,2022,Batch-5,Stevensonport,2026
355,Jimmy Brown,23,Female,joshuabass@example.net,7894475685,2022,Batch-6,Lake Andre,2026
356,Raven Marshall,21,Other,hernandezbill@example.com,3604293431,2021,Batch-7,South Mark,2026
357,Danielle Davis,20,Other,rlee@example.org,1291171797,2020,Batch-7,West Sheila,2026
358,Donna Clark,25,Other,stevenfry@example.com,8653211360,2019,Batch-4,New Michaelfort,2026
359,Jason Reeves,21,Female,joseph50@example.com,2641834561,2020,Batch-10,New Ashley,2026
360,Susan Knapp,20,Other,bakerdwayne@example.org,7333482185,2022,Batch-2,South Brendaberg,2026
361,Aaron Yates,22,Other,ysmith@example.org,4636269892,2022,Batch-2,South Sarah,2026
362,Breanna Gardner,25,Other,david66@example.net,7109599038,2019,Batch-9,Lake Morgan,2026
363,Anna Rogers,24,Male,zacharymcintyre@example.net,2872010176,2022,Batch-1,Huffmanbury,2026
364,Gabriel Patterson,21,Other,michael86@example.com,6472386235,2021,Batch-5,Wallaceville,2026
365,Sheila Lopez,19,Female,savannah22@example.org,5627465614,2019,Batch-5,New Patricia,2026
366,Tyler Dougherty,19,Other,ejones@example.com,1161480145,2021,Batch-4,New Christina,2026
367,Christine Beck,23,Male,frazierdaniel@example.net,4517990236,2020,Batch-7,Fitzpatrickburgh,2026
368,Candice Hinton,20,Male,ryan32@example.net,0973974695,2020,Batch-2,Port Elizabethberg,2026
369,Robert Carter,20,Female,jacksonangela@example.org,8718213493,2019,Batch-6,Lake Christystad,2026
370,Matthew Cooper,24,Male,iramirez@example.com,5322690738,2019,Batch-9,Cunninghamton,2026
371,Shaun Miller,19,Male,tmunoz@example.org,1432297779,2021,Batch-10,Hillmouth,2026
372,Austin Whitehead,19,Other,lynn85@example.net,1928977799,2019,Batch-4,Lake Jessicaton,2026
373,Luis Morales,24,Other,medinasteven@example.net,8151067430,2021,Batch-10,Patriciaport,2026
374,Julia Thompson,21,Female,jennifer98@example.org,9120731064,2021,Batch-1,New Johnmouth,2026
375,Eric Arnold,21,Male,brookswilliam@example.com,4157525028,2022,Batch-1,Maryshire,2026
376,Samuel Patel,20,Female,aaron43@example.org,0736767645,2021,Batch-1,Lake Markshire,2026
377,Peter Mcintosh,21,Female,hessnathan@example.com,8126306361,2020,Batch-1,Heatherport,2026
378,Michelle Moore,24,Other,forr@example.net,2390273187,2022,Batch-2,Lake Annehaven,2026
379,Tina Wright,25,Other,gmcclure@example.com,0037553831,2020,Batch-2,West Josephland,2026
380,Matthew Thomas,21,Male,allison75@example.com,5656883595,2021,Batch-6,Hollyshire,2026
381,Mr. David Jones,19,Other,gfloyd@example.com,2387536129,2021,Batch-2,West Logan,2026
382,Lisa Smith,18,Male,haleyphillips@example.org,2489796393,2021,Batch-4,Vargasmouth,2026
383,John Mayer,25,Other,longsandra@example.net,3101256860,2022,Batch-1,Port Robert,2026
384,Jared Dudley,22,Female,crawfordjustin@example.org,5126906134,2019,Batch-10,Chungchester,2026
385,Jordan Lopez,22,Other,hannah68@example.org,9715992997,2021,Batch-8,Colefort,2026
386,Corey Adams DDS,20,Female,camposchristopher@example.org,7336157782,2022,Batch-2,Andrealand,2026
387,Grace Chapman,24,Other,hartkenneth@example.org,2581952900,2019,Batch-10,Stephenschester,2026
388,Marie Ramirez,24,Male,jacob18@example.org,4306614346,2021,Batch-4,Smithbury,2026
389,Sarah Baldwin,20,Male,tammy55@example.com,1927605042,2022,Batch-3,South Adam,2026
390,Cory Hernandez,21,Other,vasquezallen@example.org,8094767792,2020,Batch-8,Riverashire,2026
391,Christopher Thomas,24,Female,carmenrogers@example.net,8479974115,2019,Batch-3,Barrville,2026
392,Patricia Cole,19,Other,brockjames@example.net,5390906761,2022,Batch-2,New Lisaville,2026
393,Jennifer Hernandez,23,Other,ktrevino@example.org,4172243763,2020,Batch-4,East Kimberlyside,2026
394,Cheryl Woods,18,Male,lheath@example.net,2143700947,2021,Batch-3,Johnsonhaven,2026
395,Michelle Jackson,19,Female,stephen28@example.com,4514870417,2022,Batch-7,Wyattshire,2026
396,Pamela Jones,18,Female,lucasbridget@example.org,6843620452,2019,Batch-1,Lake Rickyfurt,2026
397,Jennifer Moore,23,Male,tracymyers@example.org,0085507977,2021,Batch-7,West Ian,2026
398,Teresa Mccarthy,23,Male,ojones@example.com,9665649271,2022,Batch-7,North Susan,2026
399,Martin Phillips,24,Other,millerjoseph@example.org,2932128860,2022,Batch-1,North Nicoleton,2026
400,Sandra Garcia,22,Other,robert56@example.net,7486893431,2022,Batch-8,Lindseyfort,2026
401,Margaret Thompson,18,Other,mathewsanders@example.com,6863808413,2022,Batch-1,South Franciscomouth,2026
402,Elaine Holt,21,Other,santiagoshelly@example.net,8566733456,2019,Batch-2,Allenmouth,2026
403,Ryan Hill,23,Male,gailwatson@example.net,0460020511,2020,Batch-1,Port Morganhaven,2026
404,Scott Gomez,20,Other,swansonamanda@example.com,4736558646,2019,Batch-8,North Jason,2026
405,Paul Greer,19,Male,tlindsey@example.com,9908260430,2020,Batch-3,Robertview,2026
406,Judith Smith,23,Male,sroberts@example.com,9227777761,2019,Batch-4,Santosmouth,2026
407,Cindy Hansen,25,Female,yvonne12@example.org,4963975353,2022,Batch-8,Jessicaview,2026
408,Kirk Ashley,21,Female,stafforddavid@example.org,6229970232,2019,Batch-2,Nathanview,2026
409,Michelle Robertson,19,Female,juliecrawford@example.com,1091586552,2021,Batch-4,North Keith,2026
410,Jeffrey Ross,23,Other,gadams@example.com,0744477071,2022,Batch-1,Cliffordhaven,2026
411,April Lewis,20,Female,janice83@example.org,7067243238,2020,Batch-8,East Luke,2026
412,Michael Barrett,25,Other,robinyoung@example.com,6079704197,2021,Batch-9,Lawrenceland,2026
413,Brian Warner,22,Other,garycole@example.org,9042545227,2019,Batch-6,Port Melissatown,2026
414,Martha Sosa,19,Other,gabriel18@example.com,8127751129,2022,Batch-2,Lake Danielletown,2026
415,Christopher Barrett,20,Other,robert30@example.org,0409921004,2019,Batch-2,Port John,2026
416,April Gray,21,Male,markslawrence@example.org,4461100130,2022,Batch-9,South Madison,2026
417,Joshua White,20,Male,uphillips@example.org,0605717175,2021,Batch-10,Lake Teresaport,2026
418,David Lloyd,18,Male,jrose@example.com,8724153648,2020,Batch-2,New Reginaberg,2026
419,Deborah Oconnor,20,Male,kimberlyguzman@example.org,8644690380,2022,Batch-10,Haysside,2026
420,John Wells,18,Male,max15@example.org,0173327935,2020,Batch-5,Lake Angela,2026
421,Brent Charles,21,Other,donnaferguson@example.com,5325356492,2022,Batch-10,Stevensside,2026
422,Erica Patterson,18,Male,kevin83@example.com,5489229414,2020,Batch-2,Colebury,2026
423,Frederick Thompson,22,Female,kristen63@example.org,3160318544,2019,Batch-3,South Brettmouth,2026
424,Brian Patterson,21,Male,larrycollins@example.com,6315098574,2020,Batch-5,Melissahaven,2026
425,Ms. Laura Payne,20,Female,melissahorton@example.org,9933416195,2020,Batch-3,Timothymouth,2026
426,Richard Wilson,25,Male,paul83@example.net,3286498922,2019,Batch-5,East Amyberg,2026
427,Thomas Owens,21,Other,mullinsdavid@example.net,8235032664,2021,Batch-1,Port Kristinbury,2026
428,Matthew Moore,25,Other,pallen@example.com,6836042547,2019,Batch-10,East Katherinefurt,2026
429,Gregory Brown,19,Female,riverajennifer@example.net,4290378632,2021,Batch-7,Cohenmouth,2026
430,Lisa Jordan,18,Other,mcfarlandamy@example.com,8803715538,2019,Batch-2,Raymondtown,2026
431,Gary Marshall,20,Male,joel35@example.net,1291434324,2019,Batch-6,South Kelly,2026
432,Amanda Colon,18,Female,smoss@example.org,6654999292,2020,Batch-1,South Williamstad,2026
433,Fernando Moore,22,Female,angela88@example.net,9624369403,2021,Batch-4,Mirandabury,2026
434,Collin Swanson,20,Other,ramirezbelinda@example.net,3756536236,2021,Batch-9,Port Melindachester,2026
435,Logan Welch,19,Male,tellison@example.org,3682218250,2020,Batch-5,North Ricky,2026
436,Mr. Henry Arroyo,25,Other,umcmahon@example.net,0460861807,2020,Batch-5,Wilsonside,2026
437,Mrs. Rebecca Knight MD,22,Other,amy66@example.net,2142233357,2020,Batch-7,New Johnburgh,2026
438,Denise Campos,22,Other,maddenrussell@example.net,4637690190,2021,Batch-6,Kevinstad,2026
439,Brooke Wade MD,23,Female,christine31@example.com,7696309180,2022,Batch-7,Michaelborough,2026
440,Mark Calderon,19,Female,robertshaley@example.com,4276157750,2021,Batch-3,Joseland,2026
441,Robert Murphy,25,Other,gsmith@example.com,1500535968,2021,Batch-8,East Shawnburgh,2026
442,Paige Hernandez,25,Other,david36@example.com,1666293963,2022,Batch-1,East Maria,2026
443,Christopher Stuart,23,Male,doylekristen@example.net,0242198180,2022,Batch-9,Danielstad,2026
444,Debra Bell,18,Other,jennifersanchez@example.org,8446568972,2019,Batch-4,West Anthonyland,2026
445,Derek Cooper MD,21,Other,manntamara@example.org,3891767179,2020,Batch-5,West Maria,2026
446,Mary Meza,25,Other,thomas40@example.net,1403762612,2019,Batch-9,Lake Michaelburgh,2026
447,Natalie Anderson,19,Other,hhenry@example.org,3410516446,2021,Batch-4,North Charles,2026
448,Andrea Williams,25,Female,bradley62@example.com,5256808462,2022,Batch-5,Brittneyhaven,2026
449,Sydney Duffy,22,Other,cdavis@example.org,0683558877,2022,Batch-4,Port Kim,2026
450,Katelyn Rodriguez,22,Other,kayla73@example.com,1068450263,2020,Batch-4,Wilsonland,2026
451,Karen Thompson,23,Female,vbarnes@example.net,3072640775,2019,Batch-8,Port Richard,2026
452,James Welch,22,Other,llambert@example.com,9717940612,2020,Batch-7,North Markhaven,2026
453,Christopher Smith,19,Other,harrellkathleen@example.com,1009006162,2020,Batch-1,Mathewsbury,2026
454,Sarah Butler,23,Female,jramos@example.org,9863841694,2019,Batch-2,East Davidhaven,2026
455,Michael Mosley,23,Other,stephen10@example.net,9318670905,2020,Batch-8,South Natalie,2026
456,Karen Mcneil,19,Other,noblekevin@example.com,9531362343,2021,Batch-9,Blanchardville,2026
457,Rachel Shannon,24,Female,hunteranthony@example.org,8240852987,2021,Batch-4,Youngstad,2026
458,Brandon Schneider,20,Female,georgeavery@example.net,5976108832,2022,Batch-10,Brittanyton,2026
459,Warren White,19,Other,castillosusan@example.org,4224581402,2020,Batch-9,East Michaelville,2026
460,Mikayla Howard,20,Female,erin50@example.org,0897332222,2019,Batch-9,Jameston,2026
461,Debra Wolfe DDS,19,Other,russellmelissa@example.org,4182557404,2021,Batch-4,Perezberg,2026
462,Jonathan Jones,23,Other,maryhuffman@example.com,1150402929,2020,Batch-4,West Monicaport,2026
463,Robert Soto,18,Male,krystalparsons@example.org,1921600089,2021,Batch-9,North Jeffrey,2026
464,Julie Morton,25,Female,johnsonjane@example.net,2403670941,2022,Batch-2,Carlosview,2026
465,Jose Salas,18,Male,jerrymoreno@example.org,1860077923,2021,Batch-7,Lake Andreafort,2026
466,Jennifer Johnson,24,Male,abrown@example.net,6329114057,2021,Batch-1,Lake Annette,2026
467,Mark Russo,23,Female,damonbell@example.org,1454722385,2021,Batch-8,Robertchester,2026
468,Destiny Lee,19,Female,kimberly50@example.com,1255167966,2020,Batch-1,Kerryshire,2026
469,Albert Rush,18,Male,dylan72@example.org,2308233438,2022,Batch-4,East Jonathan,2026
470,Craig Flores,19,Male,cannonangela@example.net,9096068275,2022,Batch-1,Brittanyborough,2026
471,Lauren Neal,19,Male,riverstimothy@example.com,6863145933,2020,Batch-9,North Jenniferhaven,2026
472,Ashley Fox,18,Male,chenamanda@example.org,7101842006,2020,Batch-8,South Megan,2026
473,Michelle Adams,18,Male,mwilliams@example.org,2533682760,2020,Batch-1,Greenchester,2026
474,Amy Gordon,20,Male,barrettmichelle@example.net,8989859803,2022,Batch-6,Lake Robertmouth,2026
475,Mark Baker,20,Other,nhernandez@example.org,3998936816,2022,Batch-7,New Wendy,2026
476,Michael Johnson,19,Male,halexander@example.net,5798162907,2019,Batch-9,West Paulhaven,2026
477,Monica Thomas,21,Female,jason25@example.org,3926812183,2021,Batch-7,Connerberg,2026
478,Andrew West,25,Female,dhall@example.com,4654512437,2021,Batch-9,Hamiltonhaven,2026
479,Kristi Kirby,21,Other,emorrow@example.org,5422883350,2019,Batch-9,Karenside,2026
480,Christopher Daugherty,23,Other,richard34@example.net,4500171662,2019,Batch-8,Kingborough,2026
481,Benjamin Riggs,18,Male,cynthiasmith@example.com,6612818274,2019,Batch-2,Brandyville,2026
482,Jeffrey Petersen,25,Female,oatkinson@example.com,0467858056,2022,Batch-1,East Jeffrey,2026
483,Daniel Vaughn,23,Female,khernandez@example.org,2248231905,2020,Batch-10,Murraymouth,2026
484,Allison Lee,25,Male,linda46@example.org,8070263802,2022,Batch-2,Lake Amber,2026
485,Shannon Pierce,18,Female,susan59@example.org,3258916912,2022,Batch-5,East Charlesstad,2026
486,Joan Patel,20,Female,williamsheather@example.org,0171844212,2022,Batch-5,East Garytown,2026
487,Benjamin Lewis,20,Female,lhayden@example.net,0593036501,2019,Batch-9,South Jay,2026
488,Scott Benitez,19,Male,mike29@example.net,0399748578,2021,Batch-10,Ebonymouth,2026
489,Jenna Obrien,23,Male,wbaldwin@example.org,4640924607,2022,Batch-2,Lake Zachary,2026
490,Jessica Bowman,25,Male,tpowers@example.com,5538032032,2021,Batch-4,Burnetttown,2026
491,David Williams,22,Female,bergermichelle@example.com,0548488393,2022,Batch-3,Brownbury,2026
492,Shari Thomas,25,Female,veronicaleblanc@example.org,0260767068,2021,Batch-2,South Edward,2026
493,Tara Williams,22,Male,courtneyscott@example.net,1838800853,2020,Batch-10,Livingstonland,2026
494,James Hill,25,Other,stephensanthony@example.org,0036387378,2021,Batch-5,Johnsonview,2026
495,Timothy Klein,23,Female,stacey04@example.com,8712637739,2022,Batch-4,South Miguel,2026
496,Jonathan Anderson,19,Male,sgalloway@example.org,8600972593,2022,Batch-3,Austinfurt,2026
497,Beth Clayton,24,Male,mitchellmichael@example.net,4155807096,2020,Batch-2,Annettechester,2026
498,Virginia Hughes,22,Male,mflores@example.org,5910323125,2020,Batch-9,New Brent,2026
499,Mary Stanton,21,Female,sanchezjocelyn@example.org,0112887803,2019,Batch-5,Port Beth,2026
500,Danielle Lang,20,Male,lwright@example.net,5895821869,2019,Batch-5,Annchester,2026
